subject,dominant_protocol,dominant_protocol_events,n_recording_channels_geometry_valid,n_sites_ge5_dominant_protocol,n_strict_usable_sites,min_recording_channels_per_usable_site,median_recording_channels_per_usable_site,hemisphere_x_sign_fraction,strict_k10_lockbox_eligible
sub-ccepAgeUMCU01,"{""current"": 0.007, ""frequency"": 0.2, ""pulsewidth"": 0.001, ""stimulation_type"": ""monophasic""}",2198,102,89,89,96,99.0,1.0,True
sub-ccepAgeUMCU02,"{""current"": 0.008, ""frequency"": 0.2, ""pulsewidth"": 0.001, ""stimulation_type"": ""monophasic""}",770,86,68,68,81,83.0,1.0,True
sub-ccepAgeUMCU03,"{""current"": 0.008, ""frequency"": 0.2, ""pulsewidth"": 0.001, ""stimulation_type"": ""monophasic""}",621,72,62,62,66,69.5,1.0,True
sub-ccepAgeUMCU04,"{""current"": 0.008, ""frequency"": 0.2, ""pulsewidth"": 0.001, ""stimulation_type"": ""monophasic""}",988,115,99,99,108,112.0,1.0,True
sub-ccepAgeUMCU05,"{""current"": 0.008, ""frequency"": 0.2, ""pulsewidth"": 0.001, ""stimulation_type"": ""monophasic""}",733,93,73,72,87,90.0,1.0,True
sub-ccepAgeUMCU06,"{""current"": 0.008, ""frequency"": 0.2, ""pulsewidth"": 0.001, ""stimulation_type"": ""monophasic""}",521,63,52,52,57,60.0,1.0,True
sub-ccepAgeUMCU07,"{""current"": 0.008, ""frequency"": 0.2, ""pulsewidth"": 0.001, ""stimulation_type"": ""monophasic""}",923,111,93,93,103,108.0,1.0,True
sub-ccepAgeUMCU08,"{""current"": 0.008, ""frequency"": 0.2, ""pulsewidth"": 0.001, ""stimulation_type"": ""monophasic""}",587,74,57,57,62,71.0,1.0,True
sub-ccepAgeUMCU09,"{""current"": 0.008, ""frequency"": 0.2, ""pulsewidth"": 0.001, ""stimulation_type"": ""monophasic""}",958,101,63,63,96,98.0,1.0,True
sub-ccepAgeUMCU10,"{""current"": 0.008, ""frequency"": 0.2, ""pulsewidth"": 0.001, ""stimulation_type"": ""monophasic""}",1264,89,70,70,83,86.0,1.0,True
sub-ccepAgeUMCU11,"{""current"": 0.008, ""frequency"": 0.2, ""pulsewidth"": 0.001, ""stimulation_type"": ""monophasic""}",543,70,53,52,62,67.0,1.0,True
sub-ccepAgeUMCU12,"{""current"": 0.008, ""frequency"": 0.2, ""pulsewidth"": 0.001, ""stimulation_type"": ""monophasic""}",738,111,66,66,104,108.0,1.0,True
sub-ccepAgeUMCU13,"{""current"": 0.008, ""frequency"": 0.2, ""pulsewidth"": 0.001, ""stimulation_type"": ""monophasic""}",554,63,55,55,58,60.0,1.0,True
sub-ccepAgeUMCU14,"{""current"": 0.008, ""frequency"": 0.2, ""pulsewidth"": 0.001, ""stimulation_type"": ""monophasic""}",563,70,57,57,64,67.0,1.0,True
sub-ccepAgeUMCU15,"{""current"": 0.008, ""frequency"": 0.2, ""pulsewidth"": 0.001, ""stimulation_type"": ""monophasic""}",900,62,45,45,56,59.0,1.0,True
sub-ccepAgeUMCU16,"{""current"": 0.008, ""frequency"": 0.2, ""pulsewidth"": 0.001, ""stimulation_type"": ""monophasic""}",640,82,64,64,74,79.0,1.0,True
sub-ccepAgeUMCU17,"{""current"": 0.008, ""frequency"": 0.2, ""pulsewidth"": 0.001, ""stimulation_type"": ""monophasic""}",525,59,54,54,52,56.0,1.0,True
sub-ccepAgeUMCU18,"{""current"": 0.008, ""frequency"": 0.2, ""pulsewidth"": 0.001, ""stimulation_type"": ""monophasic""}",550,61,55,55,54,58.0,1.0,True
sub-ccepAgeUMCU19,"{""current"": 0.008, ""frequency"": 0.2, ""pulsewidth"": 0.001, ""stimulation_type"": ""monophasic""}",622,65,62,62,58,62.0,1.0,True
sub-ccepAgeUMCU20,"{""current"": 0.008, ""frequency"": 0.2, ""pulsewidth"": 0.001, ""stimulation_type"": ""monophasic""}",742,84,74,74,78,81.0,1.0,True
sub-ccepAgeUMCU21,"{""current"": 0.008, ""frequency"": 0.2, ""pulsewidth"": 0.001, ""stimulation_type"": ""monophasic""}",358,57,36,36,51,54.0,1.0,True
sub-ccepAgeUMCU22,"{""current"": 0.008, ""frequency"": 0.2, ""pulsewidth"": 0.001, ""stimulation_type"": ""monophasic""}",700,77,70,70,72,75.0,1.0,True
sub-ccepAgeUMCU23,"{""current"": 0.008, ""frequency"": 0.2, ""pulsewidth"": 0.001, ""stimulation_type"": ""monophasic""}",887,53,45,45,48,50.0,1.0,True
sub-ccepAgeUMCU24,"{""current"": 0.008, ""frequency"": 0.2, ""pulsewidth"": 0.001, ""stimulation_type"": ""monophasic""}",896,103,90,90,96,100.0,1.0,True
sub-ccepAgeUMCU25,"{""current"": 0.008, ""frequency"": 0.2, ""pulsewidth"": 0.001, ""stimulation_type"": ""monophasic""}",539,81,54,54,74,78.0,1.0,True
sub-ccepAgeUMCU26,"{""current"": 0.008, ""frequency"": 0.2, ""pulsewidth"": 0.001, ""stimulation_type"": ""monophasic""}",480,56,48,48,49,53.0,1.0,True
sub-ccepAgeUMCU27,"{""current"": 0.008, ""frequency"": 0.2, ""pulsewidth"": 0.001, ""stimulation_type"": ""monophasic""}",621,58,62,62,54,55.0,1.0,True
sub-ccepAgeUMCU28,"{""current"": 0.008, ""frequency"": 0.2, ""pulsewidth"": 0.001, ""stimulation_type"": ""monophasic""}",540,62,54,54,55,59.0,1.0,True
sub-ccepAgeUMCU29,"{""current"": 0.008, ""frequency"": 0.2, ""pulsewidth"": 0.001, ""stimulation_type"": ""monophasic""}",481,61,48,48,54,58.0,0.9838709677419355,True
sub-ccepAgeUMCU30,"{""current"": 0.008, ""frequency"": 0.2, ""pulsewidth"": 0.001, ""stimulation_type"": ""monophasic""}",726,96,73,73,90,93.0,1.0,True
sub-ccepAgeUMCU31,"{""current"": 0.008, ""frequency"": 0.2, ""pulsewidth"": 0.001, ""stimulation_type"": ""monophasic""}",440,59,44,44,54,56.0,1.0,True
sub-ccepAgeUMCU32,"{""current"": 0.008, ""frequency"": 0.2, ""pulsewidth"": 0.001, ""stimulation_type"": ""monophasic""}",774,77,66,66,69,74.0,1.0,True
sub-ccepAgeUMCU33,"{""current"": 0.008, ""frequency"": 0.2, ""pulsewidth"": 0.001, ""stimulation_type"": ""monophasic""}",470,63,47,47,59,61.0,1.0,True
sub-ccepAgeUMCU34,"{""current"": 0.004, ""frequency"": 0.2, ""pulsewidth"": 0.001, ""stimulation_type"": ""monophasic""}",230,55,23,23,51,52.0,1.0,True
sub-ccepAgeUMCU35,"{""current"": 0.008, ""frequency"": 0.2, ""pulsewidth"": 0.001, ""stimulation_type"": ""monophasic""}",590,70,58,58,62,67.0,1.0,True
sub-ccepAgeUMCU36,"{""current"": 0.008, ""frequency"": 0.2, ""pulsewidth"": 0.001, ""stimulation_type"": ""monophasic""}",417,57,41,41,52,54.0,0.9833333333333333,True
sub-ccepAgeUMCU37,"{""current"": 0.008, ""frequency"": 0.2, ""pulsewidth"": 0.001, ""stimulation_type"": ""monophasic""}",402,57,40,40,53,55.0,1.0,True
sub-ccepAgeUMCU38,"{""current"": 0.008, ""frequency"": 0.2, ""pulsewidth"": 0.001, ""stimulation_type"": ""monophasic""}",420,74,42,42,69,71.0,1.0,True
sub-ccepAgeUMCU39,"{""current"": 0.008, ""frequency"": 0.2, ""pulsewidth"": 0.001, ""stimulation_type"": ""monophasic""}",437,60,44,43,51,57.0,1.0,True
sub-ccepAgeUMCU40,"{""current"": 0.008, ""frequency"": 0.2, ""pulsewidth"": 0.001, ""stimulation_type"": ""monophasic""}",490,55,49,49,49,53.0,1.0,True
sub-ccepAgeUMCU41,"{""current"": 0.008, ""frequency"": 0.2, ""pulsewidth"": 0.001, ""stimulation_type"": ""monophasic""}",692,81,69,69,75,78.0,1.0,True
sub-ccepAgeUMCU42,"{""current"": 0.008, ""frequency"": 0.2, ""pulsewidth"": 0.001, ""stimulation_type"": ""monophasic""}",686,90,68,68,84,87.0,1.0,True
sub-ccepAgeUMCU43,"{""current"": 0.008, ""frequency"": 0.2, ""pulsewidth"": 0.001, ""stimulation_type"": ""monophasic""}",720,81,72,72,75,78.0,1.0,True
sub-ccepAgeUMCU44,"{""current"": 0.008, ""frequency"": 0.2, ""pulsewidth"": 0.001, ""stimulation_type"": ""monophasic""}",960,54,48,48,48,51.0,1.0,True
sub-ccepAgeUMCU45,"{""current"": 0.008, ""frequency"": 0.2, ""pulsewidth"": 0.001, ""stimulation_type"": ""monophasic""}",470,51,47,47,45,48.0,1.0,True
sub-ccepAgeUMCU46,"{""current"": 0.008, ""frequency"": 0.2, ""pulsewidth"": 0.001, ""stimulation_type"": ""monophasic""}",539,58,54,54,52,55.0,1.0,True
sub-ccepAgeUMCU47,"{""current"": 0.008, ""frequency"": 0.2, ""pulsewidth"": 0.001, ""stimulation_type"": ""monophasic""}",568,72,57,57,66,68.0,1.0,True
sub-ccepAgeUMCU48,"{""current"": 0.008, ""frequency"": 0.2, ""pulsewidth"": 0.001, ""stimulation_type"": ""monophasic""}",538,65,53,53,60,63.0,1.0,True
sub-ccepAgeUMCU49,"{""current"": 0.008, ""frequency"": 0.2, ""pulsewidth"": 0.001, ""stimulation_type"": ""monophasic""}",633,44,41,41,39,42.0,0.9791666666666666,True
sub-ccepAgeUMCU50,"{""current"": 0.008, ""frequency"": 0.2, ""pulsewidth"": 0.001, ""stimulation_type"": ""monophasic""}",480,63,48,48,56,60.0,1.0,True
sub-ccepAgeUMCU51,"{""current"": 0.008, ""frequency"": 0.2, ""pulsewidth"": 0.001, ""stimulation_type"": ""monophasic""}",470,54,47,47,46,51.0,1.0,True
sub-ccepAgeUMCU52,"{""current"": 0.008, ""frequency"": 0.2, ""pulsewidth"": 0.001, ""stimulation_type"": ""monophasic""}",1020,40,51,50,32,38.0,1.0,True
sub-ccepAgeUMCU53,"{""current"": 0.008, ""frequency"": 0.2, ""pulsewidth"": 0.001, ""stimulation_type"": ""monophasic""}",401,61,40,40,55,58.0,1.0,True
sub-ccepAgeUMCU54,"{""current"": 0.008, ""frequency"": 0.2, ""pulsewidth"": 0.001, ""stimulation_type"": ""monophasic""}",560,75,56,56,70,72.0,1.0,True
sub-ccepAgeUMCU55,"{""current"": 0.008, ""frequency"": 0.2, ""pulsewidth"": 0.001, ""stimulation_type"": ""monophasic""}",559,64,56,56,57,61.0,1.0,True
sub-ccepAgeUMCU56,"{""current"": 0.008, ""frequency"": 0.2, ""pulsewidth"": 0.001, ""stimulation_type"": ""monophasic""}",960,56,48,48,51,54.0,1.0,True
sub-ccepAgeUMCU57,"{""current"": 0.008, ""frequency"": 0.2, ""pulsewidth"": 0.001, ""stimulation_type"": ""monophasic""}",450,59,45,45,53,56.0,1.0,True
sub-ccepAgeUMCU58,"{""current"": 0.008, ""frequency"": 0.2, ""pulsewidth"": 0.001, ""stimulation_type"": ""monophasic""}",878,104,88,88,98,101.0,1.0,True
sub-ccepAgeUMCU59,"{""current"": 0.008, ""frequency"": 0.2, ""pulsewidth"": 0.001, ""stimulation_type"": ""monophasic""}",330,63,33,33,54,60.0,1.0,True
sub-ccepAgeUMCU60,"{""current"": 0.008, ""frequency"": 0.2, ""pulsewidth"": 0.001, ""stimulation_type"": ""monophasic""}",694,81,69,69,75,78.0,1.0,True
sub-ccepAgeUMCU61,"{""current"": 0.008, ""frequency"": 0.2, ""pulsewidth"": 0.001, ""stimulation_type"": ""monophasic""}",560,80,55,55,71,76.0,1.0,True
sub-ccepAgeUMCU62,"{""current"": 0.008, ""frequency"": 0.2, ""pulsewidth"": 0.001, ""stimulation_type"": ""monophasic""}",439,74,44,44,69,71.0,1.0,True
sub-ccepAgeUMCU63,"{""current"": 0.008, ""frequency"": 0.2, ""pulsewidth"": 0.001, ""stimulation_type"": ""monophasic""}",633,47,63,63,42,45.0,1.0,True
sub-ccepAgeUMCU64,"{""current"": 0.008, ""frequency"": 0.2, ""pulsewidth"": 0.001, ""stimulation_type"": ""monophasic""}",510,47,51,51,41,45.0,1.0,True
sub-ccepAgeUMCU65,"{""current"": 0.008, ""frequency"": 0.2, ""pulsewidth"": 0.001, ""stimulation_type"": ""monophasic""}",445,64,44,44,58,61.0,1.0,True
sub-ccepAgeUMCU66,"{""current"": 0.008, ""frequency"": 0.2, ""pulsewidth"": 0.001, ""stimulation_type"": ""monophasic""}",464,88,45,45,81,85.0,1.0,True
sub-ccepAgeUMCU67,"{""current"": 0.004, ""frequency"": 0.2, ""pulsewidth"": 0.001, ""stimulation_type"": ""monophasic""}",651,80,65,65,74,77.0,1.0,True
sub-ccepAgeUMCU68,"{""current"": 0.008, ""frequency"": 0.2, ""pulsewidth"": 0.001, ""stimulation_type"": ""monophasic""}",390,45,39,39,37,42.0,1.0,True
sub-ccepAgeUMCU69,"{""current"": 0.008, ""frequency"": 0.2, ""pulsewidth"": 0.001, ""stimulation_type"": ""monophasic""}",836,65,83,83,60,62.0,1.0,True
sub-ccepAgeUMCU70,"{""current"": 0.008, ""frequency"": 0.2, ""pulsewidth"": 0.001, ""stimulation_type"": ""monophasic""}",360,54,36,36,49,52.0,1.0,True
sub-ccepAgeUMCU71,"{""current"": 0.008, ""frequency"": 0.2, ""pulsewidth"": 0.001, ""stimulation_type"": ""monophasic""}",470,56,46,46,50,53.0,1.0,True
sub-ccepAgeUMCU72,"{""current"": 0.008, ""frequency"": 0.2, ""pulsewidth"": 0.001, ""stimulation_type"": ""monophasic""}",505,71,51,51,65,69.0,1.0,True
sub-ccepAgeUMCU73,"{""current"": 0.004, ""frequency"": 0.2, ""pulsewidth"": 0.001, ""stimulation_type"": ""monophasic""}",460,48,42,42,44,46.0,1.0,True
sub-ccepAgeUMCU74,"{""current"": 0.008, ""frequency"": 0.2, ""pulsewidth"": 0.001, ""stimulation_type"": ""monophasic""}",400,72,40,40,68,70.0,1.0,True
