roi_text,metadata_hemi,frozen_hap_roi_token,bridge_status,n_electrodes,n_subjects
,,UNK,unseen_or_ambiguous_to_UNK,3122,74
G_front_middle,L,lh_G_front_middle,unique_hemi_stem_match,333,31
G_temporal_middle,L,lh_G_temporal_middle,unique_hemi_stem_match,320,31
G_temp_sup-Lateral,L,lh_G_temp_sup-Lateral,unique_hemi_stem_match,262,36
G_pariet_inf-Supramar,L,lh_G_pariet_inf-Supramar,unique_hemi_stem_match,255,41
G_front_sup,L,lh_G_front_sup,unique_hemi_stem_match,223,29
G_precentral,L,lh_G_precentral,unique_hemi_stem_match,216,38
G_postcentral,L,lh_G_postcentral,unique_hemi_stem_match,215,34
G_pariet_inf-Angular,L,UNK,unseen_or_ambiguous_to_UNK,179,34
G_front_middle,R,rh_G_front_middle,unique_hemi_stem_match,168,16
G_temporal_inf,L,lh_G_temporal_inf,unique_hemi_stem_match,146,22
G_temporal_middle,R,rh_G_temporal_middle,unique_hemi_stem_match,142,14
G_parietal_sup,L,UNK,unseen_or_ambiguous_to_UNK,138,21
G_pariet_inf-Angular,R,rh_G_pariet_inf-Angular,unique_hemi_stem_match,135,17
G_precentral,R,rh_G_precentral,unique_hemi_stem_match,127,16
Pole_temporal,L,UNK,unseen_or_ambiguous_to_UNK,127,20
G&S_subcentral,L,UNK,unseen_or_ambiguous_to_UNK,111,29
G_pariet_inf-Supramar,R,rh_G_pariet_inf-Supramar,unique_hemi_stem_match,110,21
G_postcentral,R,rh_G_postcentral,unique_hemi_stem_match,102,20
G_front_inf-Triangul,L,lh_G_front_inf-Triangul,unique_hemi_stem_match,101,27
G_front_sup,R,rh_G_front_sup,unique_hemi_stem_match,97,13
G_temp_sup-Lateral,R,rh_G_temp_sup-Lateral,unique_hemi_stem_match,93,16
G_occipital_middle,L,UNK,unseen_or_ambiguous_to_UNK,85,16
G_front_inf-Opercular,L,UNK,unseen_or_ambiguous_to_UNK,79,32
G_occipital_middle,R,rh_G_occipital_middle,unique_hemi_stem_match,75,11
G_orbital,L,UNK,unseen_or_ambiguous_to_UNK,74,17
G_temporal_inf,R,rh_G_temporal_inf,unique_hemi_stem_match,70,11
G_parietal_sup,R,rh_G_parietal_sup,unique_hemi_stem_match,68,13
S_temporal_sup,L,lh_S_temporal_sup,unique_hemi_stem_match,64,20
G_oc-temp_lat-fusifor,L,UNK,unseen_or_ambiguous_to_UNK,53,13
G_oc-temp_med-Parahip,L,lh_G_oc-temp_med-Parahip,unique_hemi_stem_match,52,19
G_front_inf-Opercular,R,UNK,unseen_or_ambiguous_to_UNK,50,14
Pole_temporal,R,rh_Pole_temporal,unique_hemi_stem_match,50,9
G_precuneus,L,UNK,unseen_or_ambiguous_to_UNK,43,13
S_front_sup,L,lh_S_front_sup,unique_hemi_stem_match,42,15
G&S_paracentral,L,UNK,unseen_or_ambiguous_to_UNK,40,16
G_orbital,R,rh_G_orbital,unique_hemi_stem_match,40,9
G&S_subcentral,R,UNK,unseen_or_ambiguous_to_UNK,38,14
G&S_paracentral,R,UNK,unseen_or_ambiguous_to_UNK,37,8
G_front_inf-Triangul,R,rh_G_front_inf-Triangul,unique_hemi_stem_match,37,11
G_oc-temp_med-Lingual,R,rh_G_oc-temp_med-Lingual,unique_hemi_stem_match,37,8
G_precuneus,R,rh_G_precuneus,unique_hemi_stem_match,36,8
G_oc-temp_lat-fusifor,R,UNK,unseen_or_ambiguous_to_UNK,34,7
G&S_cingul-Mid-Post,L,lh_G&S_cingul-Mid-Post,unique_hemi_stem_match,32,12
G_temp_sup-Plan_tempo,L,lh_G_temp_sup-Plan_tempo,unique_hemi_stem_match,32,17
G_oc-temp_med-Lingual,L,UNK,unseen_or_ambiguous_to_UNK,30,9
G&S_occipital_inf,L,UNK,unseen_or_ambiguous_to_UNK,29,10
S_temporal_sup,R,rh_S_temporal_sup,unique_hemi_stem_match,29,7
G_oc-temp_med-Parahip,R,rh_G_oc-temp_med-Parahip,unique_hemi_stem_match,27,10
S_postcentral,L,lh_S_postcentral,unique_hemi_stem_match,27,14
S_front_inf,L,lh_S_front_inf,unique_hemi_stem_match,26,13
G&S_occipital_inf,R,rh_G&S_occipital_inf,unique_hemi_stem_match,25,6
Pole_occipital,R,UNK,unseen_or_ambiguous_to_UNK,25,5
S_precentral-inf-part,L,lh_S_precentral-inf-part,unique_hemi_stem_match,25,7
G&S_frontomargin,L,UNK,unseen_or_ambiguous_to_UNK,22,8
S_front_inf,R,rh_S_front_inf,unique_hemi_stem_match,21,7
S_front_sup,R,rh_S_front_sup,unique_hemi_stem_match,20,7
G_cingul-Post-dorsal,L,lh_G_cingul-Post-dorsal,unique_hemi_stem_match,16,8
S_front_middle,R,rh_S_front_middle,unique_hemi_stem_match,16,7
S_temporal_inf,L,lh_S_temporal_inf,unique_hemi_stem_match,16,11
G_occipital_sup,L,UNK,unseen_or_ambiguous_to_UNK,15,5
G_occipital_sup,R,UNK,unseen_or_ambiguous_to_UNK,15,6
Pole_occipital,L,UNK,unseen_or_ambiguous_to_UNK,15,6
G&S_cingul-Mid-Post,R,rh_G&S_cingul-Mid-Post,unique_hemi_stem_match,14,4
G_cuneus,R,UNK,unseen_or_ambiguous_to_UNK,13,4
S_central,L,lh_S_central,unique_hemi_stem_match,13,4
S_orbital-H_Shaped,L,lh_S_orbital-H_Shaped,unique_hemi_stem_match,13,6
G&S_transv_frontopol,L,UNK,unseen_or_ambiguous_to_UNK,12,7
G_front_inf-Orbital,R,rh_G_front_inf-Orbital,unique_hemi_stem_match,12,5
S_intrapariet&P_trans,L,UNK,unseen_or_ambiguous_to_UNK,12,6
G&S_cingul-Mid-Ant,L,UNK,unseen_or_ambiguous_to_UNK,11,7
G_rectus,L,lh_G_rectus,unique_hemi_stem_match,11,4
G_front_inf-Orbital,L,UNK,unseen_or_ambiguous_to_UNK,10,9
S_circular_insula_sup,L,lh_S_circular_insula_sup,unique_hemi_stem_match,10,4
S_intrapariet&P_trans,R,rh_S_intrapariet&P_trans,unique_hemi_stem_match,10,8
G_temp_sup-Plan_tempo,R,rh_G_temp_sup-Plan_tempo,unique_hemi_stem_match,9,7
S_oc-temp_med&Lingual,L,lh_S_oc-temp_med&Lingual,unique_hemi_stem_match,9,5
,R,UNK,unseen_or_ambiguous_to_UNK,9,4
G_cuneus,L,UNK,unseen_or_ambiguous_to_UNK,8,3
S_cingul-Marginalis,L,lh_S_cingul-Marginalis,unique_hemi_stem_match,8,3
S_precentral-inf-part,R,rh_S_precentral-inf-part,unique_hemi_stem_match,8,5
S_precentral-sup-part,L,lh_S_precentral-sup-part,unique_hemi_stem_match,8,4
,L,UNK,unseen_or_ambiguous_to_UNK,8,6
G&S_cingul-Ant,L,lh_G&S_cingul-Ant,unique_hemi_stem_match,7,4
G_cingul-Post-dorsal,R,rh_G_cingul-Post-dorsal,unique_hemi_stem_match,7,4
G_cingul-Post-ventral,L,lh_G_cingul-Post-ventral,unique_hemi_stem_match,7,5
G_temp_sup-Plan_polar,L,UNK,unseen_or_ambiguous_to_UNK,7,3
S_calcarine,L,UNK,unseen_or_ambiguous_to_UNK,7,4
S_collat_transv_ant,L,UNK,unseen_or_ambiguous_to_UNK,7,7
S_interm_prim-Jensen,L,lh_S_interm_prim-Jensen,unique_hemi_stem_match,7,7
S_occipital_ant,R,UNK,unseen_or_ambiguous_to_UNK,7,3
S_postcentral,R,UNK,unseen_or_ambiguous_to_UNK,7,4
S_oc_middle&Lunatus,R,UNK,unseen_or_ambiguous_to_UNK,6,2
G_and_S_subcentral,R,UNK,unseen_or_ambiguous_to_UNK,5,1
G_temp_sup-G_T_transv,L,UNK,unseen_or_ambiguous_to_UNK,5,4
S_occipital_ant,L,UNK,unseen_or_ambiguous_to_UNK,5,4
G&S_cingul-Mid-Ant,R,rh_G&S_cingul-Mid-Ant,unique_hemi_stem_match,4,2
S_circular_insula_sup,R,rh_S_circular_insula_sup,unique_hemi_stem_match,4,1
S_collat_transv_ant,R,rh_S_collat_transv_ant,unique_hemi_stem_match,4,4
G_cingul-Post-ventral,R,rh_G_cingul-Post-ventral,unique_hemi_stem_match,3,3
Lat_Fis-post,L,lh_Lat_Fis-post,unique_hemi_stem_match,3,1
S_central,R,rh_S_central,unique_hemi_stem_match,3,2
S_front_middle,L,lh_S_front_middle,unique_hemi_stem_match,3,2
S_oc-temp_lat,R,rh_S_oc-temp_lat,unique_hemi_stem_match,3,2
S_oc_sup&transversal,L,UNK,unseen_or_ambiguous_to_UNK,3,2
S_pericallosal,R,rh_S_pericallosal,unique_hemi_stem_match,3,2
S_subparietal,R,rh_S_subparietal,unique_hemi_stem_match,3,2
S_temporal_inf,R,rh_S_temporal_inf,unique_hemi_stem_match,3,1
G&S_transv_frontopol,R,UNK,unseen_or_ambiguous_to_UNK,2,2
G_insular_short,R,rh_G_insular_short,unique_hemi_stem_match,2,2
G_rectus,R,rh_G_rectus,unique_hemi_stem_match,2,1
G_subcallosal,L,UNK,unseen_or_ambiguous_to_UNK,2,1
Lat_Fis-ant-Vertical,R,UNK,unseen_or_ambiguous_to_UNK,2,2
S_calcarine,R,UNK,unseen_or_ambiguous_to_UNK,2,1
S_circular_insula_ant,R,UNK,unseen_or_ambiguous_to_UNK,2,1
S_oc_middle&Lunatus,L,UNK,unseen_or_ambiguous_to_UNK,2,2
S_orbital_lateral,L,UNK,unseen_or_ambiguous_to_UNK,2,2
S_parieto_occipital,L,UNK,unseen_or_ambiguous_to_UNK,2,1
S_pericallosal,L,UNK,unseen_or_ambiguous_to_UNK,2,2
G&S_cingul-Ant,R,rh_G&S_cingul-Ant,unique_hemi_stem_match,1,1
G_Ins_lg&S_cent_ins,L,lh_G_Ins_lg&S_cent_ins,unique_hemi_stem_match,1,1
G_and_S_frontomargin,R,UNK,unseen_or_ambiguous_to_UNK,1,1
G_and_S_transv_frontopol,R,UNK,unseen_or_ambiguous_to_UNK,1,1
G_insular_short,L,lh_G_insular_short,unique_hemi_stem_match,1,1
G_pariet_inf-Supramar,,UNK,unseen_or_ambiguous_to_UNK,1,1
S_cingul-Marginalis,R,rh_S_cingul-Marginalis,unique_hemi_stem_match,1,1
S_oc-temp_med&Lingual,R,rh_S_oc-temp_med&Lingual,unique_hemi_stem_match,1,1
S_orbital-H_Shaped,R,rh_S_orbital-H_Shaped,unique_hemi_stem_match,1,1
S_orbital_lateral,R,UNK,unseen_or_ambiguous_to_UNK,1,1
S_orbital_med-olfact,L,lh_S_orbital_med-olfact,unique_hemi_stem_match,1,1
S_subparietal,L,UNK,unseen_or_ambiguous_to_UNK,1,1
S_temporal_transverse,L,UNK,unseen_or_ambiguous_to_UNK,1,1
