path,size_bytes,sha256
.gitignore,456,c26b4a415de3e5fe93505fc4a3f5746289bc02a222351a7fb835e2d7b1c4b591
checkpoints/pcnd_v3f_all8_deployment.pt,19611835,399421567b0185383bf8953cdcd6c75891893b5113fca8a3a41ac190eb68a794
expected_outputs/PRIMARY_EXTERNAL_RESULT.json,3589,6050cb6804ef247f0686085fb37fd8ca35a9e435be6027a390b1f716a441d16d
expected_outputs/PRIMARY_PATIENT_DELTAS.csv,5642,9a1664fa318a2980672df6729340be7114a7561cc1677351be367d070fe4603a
expected_outputs/SECONDARY_FAMILY_RESULTS.csv,1021,4ea274142ae586bbba94b3abd630acf10a1a7d633d241792fe7f1cfd725b42fb
exploratory/run_correspondence_robustness.py,38090,f0e6a038f21db8306847b84627d1e4230a56c26401c87fd16c9cc5f076fc83db
frozen_protocol/development/ALL8_DEPLOYMENT_MANIFEST.json,4235,dd69bb8963a678a9459987ebc5e3711549b42679ed27b1ed57bbbf0628b593b0
frozen_protocol/development/V3F_FINAL_PROTOCOL_MANIFEST.json,22561,cb3bd89d6072245ecec7ae608d692f286172fedab517b1b81d821e4e3e710727
frozen_protocol/external/DS004080_FINAL_LOCKBOX_MANIFEST.json,4770,8170555317e6a2b510cb7ef1bbb603ba6a4220ec92a0b50cc32c29392f66cf6d
frozen_protocol/external/FREEZE_SEAL.json,563,6b7539f64a4218d85516b9a441ebd954d33bb42cfc7b28fa2770aaa281f9762c
frozen_protocol/external/FROZEN_INFERENCE_MANIFEST.json,1126,6b81f946289576da3644874ec35f16f4c2f47e9e9ae25947bb4d75864b84bbfd
frozen_protocol/external/frozen_context_query_plan.csv,5119578,be3501b07210b692d3d6474ec520fdaec51da9b7bc85279d363cf222fd0413a9
frozen_protocol/external/subject_strict_eligibility.csv,11586,bee68a97db6a3fe2916b0a66ddab669fbd9d8c85558b081362132908690922d4
frozen_protocol/response/RESPONSE_PROTOCOL_FREEZE_SEAL.json,918,dd147ce605faf330d5bfcdfbd2ccc92ada80e2dc3bd60133ce27803f30347061
frozen_protocol/roi_bridge/ROI_BRIDGE_MANIFEST.json,1915,fb9e3a493bf05e744c65fae165fc1fe3d7734b1a6456685c4d470be9c9efbbca
frozen_protocol/roi_bridge/electrode_roi_bridge.csv,671256,5e69fe882c0c47935cb28ea988829ea8f3b574b13034f6085bd7eb005af436b0
frozen_protocol/roi_bridge/roi_crosswalk.csv,8301,317574c8ad23b056f2fdd62d84ba47c85f4505ee1d19f163be2a9c7051dbbd1b
pcnd/anatomy/audit_external_anatomy.py,20811,88075189fcdc8756fae016bac9e5aaee8d6375acb128eb8fc6aaf7a6e24dad9a
pcnd/anatomy/audit_roi_bridge.py,14767,cddf667633d7938dd69bc8b36c67814dc6329cdbd801e22630e3f7951055fa54
pcnd/anatomy/audit_roi_coverage.py,25159,0ea160b9e4c309e8c9a7caddaaaa9f65838152499da2851639a7c2225ea39427
pcnd/anatomy/build_external_features.py,14133,2f7c2caa4e55b7614f02d07b3114e892a5ca2e6415a9f8643432820b00d98dad
pcnd/anatomy/build_mni_harmonized_maps.py,14299,8f40a0fb9434d7cbe4643f99017709e9d7a044d3071391fc017fd2f2c410a109
pcnd/anatomy/freeze_roi_bridge.py,12345,edb4ae1127125fe79b63de53332a4b6a3d2104a4960fda5fa057c36b0f7ff2a0
pcnd/evaluation/audit_external_metadata.py,23560,81252659208ba14dd7065de986db04d258cb82a26bc651f68d1006774c358b1c
pcnd/evaluation/freeze_model_protocol.py,27142,98a00d64a8829012f6c2f61aa333197b4d854a4c801df9d362ba7ed66ebc413e
pcnd/evaluation/open_external_lockbox.py,13122,c4a893b20719e832e12dfedfb6f49ef43a6cfc29d9c4af349c47a8ef78860f23
pcnd/evaluation/prepare_external_lockbox.py,45854,c6e23d8857d3ebcbe3dcd7fa1e22e210c0aba257fa55d8c8062d3ee37a3b33ba
pcnd/evaluation/run_frozen_external_inference.py,21452,cf2c874ac766f01e429afa9b862c4dc632312964e429fa546b745b8d2695cc4e
pcnd/evaluation/seal_external_lockbox.py,12879,63d3fdd849c82c0a2900bdf39b34fb66a7d16033598bb90699623624843d8868
pcnd/model/aggregate_v3f_folds.py,4907,c9e899db1090af7e0a09a9273869d90d95579f39525f6d9e0462af96dbe996d6
pcnd/model/train_v3f_deployment.py,40002,b2771a9ff80a9e15b4a7dd49c7403466c680dee7220469ee9227021eab09b846
pcnd/model/train_v3f_final.py,55268,a99e0393319c1ddb3ac10424afc84ae83bc4d1018c27a873c1ffdaae283da1ca
pcnd/response/extract_development_response.py,12993,de7f0de3587950711b9666386a9ffce4414c5acedd740ee9c691ade84ba9c528
pcnd/response/extract_external_response.py,46023,a39e0d909a5e3294aa4fd265ee2c82cbf6978cb4e386a1ef682a07d0d9993c79
pcnd/response/freeze_external_response_protocol.py,17771,11c95a035a3f7e731ed74d0fb1c5db87f96e5a6bc3727167829a9eee183f304a
pcnd/statistics/development_statistical_audit.py,31645,51c4a59f55d17b616d10ed96c00b6f41318e0787294b3b3eacddb0ced93f0af2
pcnd/statistics/external_primary_statistics.py,15326,ae5fed5ca557fcb2f48b6179c2435efbdaac51d411bdf8dbe8cabf1bbe9cf5f4
provenance/ORIGINAL_FILE_MAP.csv,1796,66f426e05c90e2cf456b4ff82a2716618c552fc8b823d24b3fe0b0dc32e1a19e
