github_path,original_pcnd_path
pcnd/response/extract_development_response.py,scripts/05_build_perturbation_map_v1.py
pcnd/anatomy/build_mni_harmonized_maps.py,scripts/14_build_mni_harmonized_maps.py
pcnd/model/train_v3f_final.py,scripts/30_train_pcnd_v3f_final_strict.py
pcnd/model/aggregate_v3f_folds.py,scripts/31_aggregate_v3f_final.py
pcnd/statistics/development_statistical_audit.py,scripts/32_v3f_final_statistical_audit.py
pcnd/evaluation/freeze_model_protocol.py,scripts/33_freeze_v3f_final_protocol.py
pcnd/evaluation/audit_external_metadata.py,scripts/34_audit_ds004080_lockbox_metadata.py
pcnd/anatomy/audit_external_anatomy.py,scripts/35_audit_ds004080_anatomical_interface.py
pcnd/anatomy/audit_roi_bridge.py,scripts/36a_audit_roi_vocab_bridge.py
pcnd/anatomy/freeze_roi_bridge.py,scripts/36b_freeze_ds004080_roi_bridge.py
pcnd/anatomy/audit_roi_coverage.py,scripts/36c_audit_operational_roi_coverage.py
pcnd/evaluation/prepare_external_lockbox.py,scripts/36_prepare_ds004080_lockbox_freeze.py
pcnd/evaluation/seal_external_lockbox.py,scripts/36d_seal_ds004080_external_lockbox.py
pcnd/model/train_v3f_deployment.py,scripts/37_train_v3f_all8_deployment.py
pcnd/response/freeze_external_response_protocol.py,scripts/38_freeze_ds004080_response_protocol.py
pcnd/evaluation/open_external_lockbox.py,scripts/39b_open_ds004080_lockbox.py
pcnd/response/extract_external_response.py,scripts/40_extract_ds004080_primary_phenotypes.py
pcnd/anatomy/build_external_features.py,scripts/41_build_ds004080_v3f_features.py
pcnd/evaluation/run_frozen_external_inference.py,scripts/42_run_ds004080_frozen_v3f_inference.py
pcnd/statistics/external_primary_statistics.py,scripts/43_ds004080_primary_statistics.py
exploratory/run_correspondence_robustness.py,scripts/58_run_bs_exploratory_robustness.py
