path,bytes,sha256,git_blob_sha1
.gitignore,456,c26b4a415de3e5fe93505fc4a3f5746289bc02a222351a7fb835e2d7b1c4b591,0b1963dc98997fc9047cca25b9536e05882e027f
CITATION.cff,907,e4898d9bc6dd9cf793a40ae624f6e6acf14fc1ccef4d8fd444673392b93fcd6c,c08f9cc396438d473148ca928f57f23948cb5b63
DATA_AND_WEIGHTS_NOTICE.md,2974,5bf2a962ca2f65b1a6e33a0252012d15213d4a917f700d6e394ecc857b31a675,b44200f42a753401f5ed03aad51f130452ae21a7
LICENSE,11358,cfc7749b96f63bd31c3c42b5c471bf756814053e847c10f3eb003417bc523d30,d645695673349e3947e8e5ae42332d0ac3164cd7
NOTICE,392,31dd53ed95b43d0fa7c77ce5f3195c0f51548f9435329ceab06e8b680018ee93,22087eab9e3528e12992eeb8314a877f0ad3290f
README.md,20337,b7a3255e370aa10fab6458786d8fed831c6ce0595b3a3c3bbf0a6dfb1e1f58fa,fb5c69f2f6bc7034a4398d53db8b83bf5d25e074
RELEASE_NOTES_v1.0.0.md,1757,0583afbb30e9c06445230b90c14026d3c34924727325ec36b99a91846a4a97d4,b6ded58a2ebaeb2dd929ae2f447d0672d487fa90
REPRODUCTION_VERIFICATION.md,4101,e495360591e8058310d165d6a99f0bb1f99fc181548c252217efbc2a43264a8e,a568a599732a609500b2b551b951afcdc5a33220
checkpoints/pcnd_v3f_all8_deployment.pt,19611835,399421567b0185383bf8953cdcd6c75891893b5113fca8a3a41ac190eb68a794,98c42a7f10f8a23d7e08720ae7b32c4a4f60f052
environment-minimal.yml,207,c93cbf6a3cc85be15e155b440fa634f496962df041e8dc27797e1eb55dcba5c0,24c20969aa58dc82f577157e703c2085ba3b044f
environment.yml,5896,a5a81badfdb5caa5e43396d4546079fd4d5e724a047a455179d2f0947452c7f3,048fdb9421c6cf05435bef18f144dd77faaf5ab8
expected_outputs/PRIMARY_EXTERNAL_RESULT.json,3589,6050cb6804ef247f0686085fb37fd8ca35a9e435be6027a390b1f716a441d16d,e70c8dfcaec5dc4e6fdd41c953a938cf3eaa3acb
expected_outputs/PRIMARY_PATIENT_DELTAS.csv,5642,9a1664fa318a2980672df6729340be7114a7561cc1677351be367d070fe4603a,033698daddee2453ed506cf2f776fb0ca24fb2d8
expected_outputs/SECONDARY_FAMILY_RESULTS.csv,1021,4ea274142ae586bbba94b3abd630acf10a1a7d633d241792fe7f1cfd725b42fb,528fe8d02a655efe6828bc3d2fd7e7fece1f23b5
exploratory/run_correspondence_robustness.py,38090,f0e6a038f21db8306847b84627d1e4230a56c26401c87fd16c9cc5f076fc83db,102f7d10545783bddce7ed67c77dd2cc93e0f638
frozen_protocol/development/ALL8_DEPLOYMENT_MANIFEST.json,4235,dd69bb8963a678a9459987ebc5e3711549b42679ed27b1ed57bbbf0628b593b0,b85a686b866acb8781ab1ad23d5ccf8b194778c3
frozen_protocol/development/V3F_FINAL_PROTOCOL_MANIFEST.json,22561,cb3bd89d6072245ecec7ae608d692f286172fedab517b1b81d821e4e3e710727,b6c4595dee7de511ee7b0f373d2062c388f37db8
frozen_protocol/external/DS004080_FINAL_LOCKBOX_MANIFEST.json,4770,8170555317e6a2b510cb7ef1bbb603ba6a4220ec92a0b50cc32c29392f66cf6d,01e7068817714527a166a07fef0e71b728832d48
frozen_protocol/external/FREEZE_SEAL.json,563,6b7539f64a4218d85516b9a441ebd954d33bb42cfc7b28fa2770aaa281f9762c,c756452cc750949c01f6180805b7c7f9298c4efe
frozen_protocol/external/FROZEN_INFERENCE_MANIFEST.json,1126,6b81f946289576da3644874ec35f16f4c2f47e9e9ae25947bb4d75864b84bbfd,e9a687f7fb2179b23978352bcf816d5832293900
frozen_protocol/external/frozen_context_query_plan.csv,5119578,be3501b07210b692d3d6474ec520fdaec51da9b7bc85279d363cf222fd0413a9,d5f537624a2695a22974f2f847ba30832d14e95e
frozen_protocol/external/subject_strict_eligibility.csv,11586,bee68a97db6a3fe2916b0a66ddab669fbd9d8c85558b081362132908690922d4,c7c9b984060ce19f2ef67fe9d233f50853aaf30b
frozen_protocol/response/RESPONSE_PROTOCOL_FREEZE_SEAL.json,918,dd147ce605faf330d5bfcdfbd2ccc92ada80e2dc3bd60133ce27803f30347061,2db7949a30ab5b6eddf9b3e935d5f00c68c394a2
frozen_protocol/roi_bridge/ROI_BRIDGE_MANIFEST.json,1915,fb9e3a493bf05e744c65fae165fc1fe3d7734b1a6456685c4d470be9c9efbbca,dc6f06bacf3a3a0ca466e217327b1ca6b40bd23d
frozen_protocol/roi_bridge/electrode_roi_bridge.csv,671256,5e69fe882c0c47935cb28ea988829ea8f3b574b13034f6085bd7eb005af436b0,acd07b5ab129319957e7c42e1a81933cf3fb1343
frozen_protocol/roi_bridge/roi_crosswalk.csv,8301,317574c8ad23b056f2fdd62d84ba47c85f4505ee1d19f163be2a9c7051dbbd1b,39e74e0e4bf540744bbe78a67e3294178bd7d858
frozen_source/scripts/30_train_pcnd_v3f_final_strict.py,55182,34750f1cee3a56b24d5049866396ff9dbbf6df8310f2b2e7f3a81f3cfbb7137c,e86a6025ae67a7ef1d20ba7accc5887e5b185d65
frozen_source/scripts/37_train_v3f_all8_deployment.py,39922,aecaffc382747854fb4de8c72cf2f7ae80bcc96c7447b6be50f661e8e35c89ac,187bf84f5697403001abfbd808f566d06b3b8d1f
frozen_source/scripts/42_run_ds004080_frozen_v3f_inference.py,21372,64f51539c6bdfd5373de1831d85d2f8eea9f81e9c84ec27aa1a016b7989dfada,8cab07d80e5e8a682ab65a7b5331d76d34a5153b
frozen_source/scripts/43_ds004080_primary_statistics.py,15246,30b1e66eb159bb6c25cd8332b8930a7c022016d04bb3bff134d35f8237f140a2,acffd54ff9710fc65191776520783596ed10b276
pcnd/anatomy/audit_external_anatomy.py,20811,88075189fcdc8756fae016bac9e5aaee8d6375acb128eb8fc6aaf7a6e24dad9a,a0399ef756be9b81fc0f84557898f3a71b4fb3a1
pcnd/anatomy/audit_roi_bridge.py,14767,cddf667633d7938dd69bc8b36c67814dc6329cdbd801e22630e3f7951055fa54,2c2fbaf4b1d1b9b8d5b434676d4dddbd393f8889
pcnd/anatomy/audit_roi_coverage.py,25159,0ea160b9e4c309e8c9a7caddaaaa9f65838152499da2851639a7c2225ea39427,27079b5c9d792de15fafccaba3871d987cff2aa0
pcnd/anatomy/build_external_features.py,14133,2f7c2caa4e55b7614f02d07b3114e892a5ca2e6415a9f8643432820b00d98dad,b6cff626463e3cfbd158efbf70c7389d62fbbaef
pcnd/anatomy/build_mni_harmonized_maps.py,14299,8f40a0fb9434d7cbe4643f99017709e9d7a044d3071391fc017fd2f2c410a109,15397098fb3aee159e91fcc50bf9bf85d0516090
pcnd/anatomy/freeze_roi_bridge.py,12345,edb4ae1127125fe79b63de53332a4b6a3d2104a4960fda5fa057c36b0f7ff2a0,15ee86bd2e80d7033ca2c1405adffc6ea444cb56
pcnd/evaluation/audit_external_metadata.py,23560,81252659208ba14dd7065de986db04d258cb82a26bc651f68d1006774c358b1c,a96ad5df965266892b5813e466223da69c5bd5a2
pcnd/evaluation/freeze_model_protocol.py,27142,98a00d64a8829012f6c2f61aa333197b4d854a4c801df9d362ba7ed66ebc413e,fb34eaa1c7a46eec91578304b4222ff0a4dceaca
pcnd/evaluation/open_external_lockbox.py,13122,c4a893b20719e832e12dfedfb6f49ef43a6cfc29d9c4af349c47a8ef78860f23,72b8df1a3ce75bce49216db8f52bad9b208d18b1
pcnd/evaluation/prepare_external_lockbox.py,45854,c6e23d8857d3ebcbe3dcd7fa1e22e210c0aba257fa55d8c8062d3ee37a3b33ba,fe39e28668d8b9610eb9293ea819fe0c9ac5cef5
pcnd/evaluation/run_frozen_external_inference.py,21452,cf2c874ac766f01e429afa9b862c4dc632312964e429fa546b745b8d2695cc4e,dcb4314c1c3c4ede359d48b570f55e66ddf37986
pcnd/evaluation/seal_external_lockbox.py,12879,63d3fdd849c82c0a2900bdf39b34fb66a7d16033598bb90699623624843d8868,3dae02be531593fbed9084c6448bb2e5e6731a74
pcnd/model/aggregate_v3f_folds.py,4907,c9e899db1090af7e0a09a9273869d90d95579f39525f6d9e0462af96dbe996d6,30c9956d8b82940580aa122f510a2aa61222fd2b
pcnd/model/train_v3f_deployment.py,40002,b2771a9ff80a9e15b4a7dd49c7403466c680dee7220469ee9227021eab09b846,7133c2fdcb583e04b19fac55823417144d83bd51
pcnd/model/train_v3f_final.py,55268,a99e0393319c1ddb3ac10424afc84ae83bc4d1018c27a873c1ffdaae283da1ca,5fb04d449782054d3e17538294085907bc11628b
pcnd/response/extract_development_response.py,12993,de7f0de3587950711b9666386a9ffce4414c5acedd740ee9c691ade84ba9c528,9f34da1ec9222b15643208d900b922e5235bc787
pcnd/response/extract_external_response.py,46023,a39e0d909a5e3294aa4fd265ee2c82cbf6978cb4e386a1ef682a07d0d9993c79,bd24dcbff6dafa5c5dd3e28a3b13b045f537e104
pcnd/response/freeze_external_response_protocol.py,17771,11c95a035a3f7e731ed74d0fb1c5db87f96e5a6bc3727167829a9eee183f304a,c7e147e1fce8d700d467aec20249b5199d6eaa18
pcnd/statistics/development_statistical_audit.py,31645,51c4a59f55d17b616d10ed96c00b6f41318e0787294b3b3eacddb0ced93f0af2,16d7b64a8dbae08f24fa2a7c68fb4479f46c6a09
pcnd/statistics/external_primary_statistics.py,15326,ae5fed5ca557fcb2f48b6179c2435efbdaac51d411bdf8dbe8cabf1bbe9cf5f4,1e14664299224f66a8b478ae9bf0e11534ef952f
provenance/FILE_MANIFEST.csv,4431,9b07bc48536e7ee40641e6f8efe4d197d5842c9fc066f648be3566fdb1df21c8,924a2e07a9207fbdcbdf68919040945da2cbc82f
provenance/ORIGINAL_FILE_MAP.csv,1796,66f426e05c90e2cf456b4ff82a2716618c552fc8b823d24b3fe0b0dc32e1a19e,5c85e16745e24d35f0f64fbe6529341eea98b4f8
provenance/RELEASE_PROVENANCE.md,1284,7c92eaf3f877ce27fcd863c4262b4ec14ad0e41f3bc05b2842bd221cb4ace5bb,b57399ffbd11160bf41ed8f65b2edb7857c65791
provenance/RUNTIME_INFO.txt,205,0fc0aae9b974e56c4b55e5c3ca2ba07ea7359c053c4bdacacc4b981adf1f2bc5,43a857362024a135349f8d80238b0674ba2d43b6
provenance/SHA256SUMS.txt,4189,3e27d2fc27a7bfeb0fff1a10225c36859520c9ab2dcfecfb22e2df1358535890,2a3cc705dde2eea2bbeab0fcea651c585402a56b
reproduce.py,14340,fa35cb7a4a82d6651b8653b053657194e82a316c86d7a6acc2d99a07178e11b7,0ee45f6aafc67e1ffb1a5626598c079f721bcc17
reproduction_inputs/external_features/DS004080_V3F_EXTERNAL_FEATURES.csv.gz,27989818,18c8e9d1333941f3f8b51a30829cd74cf4aa4acb4108aaac5e2d34ab8707b48b,07e053f656d2077d0a5cd39158aefc59000113a8
reproduction_inputs/external_features/EXTERNAL_V3F_FEATURE_MANIFEST.json,1390,47aca456caf26d3e752b8fc87e181318da0ab29c55eca0e1a305816f6bf0b712,54356207ecc7f56cec78201443c1b3c58a1bf61e
reproduction_inputs/statistics/FROZEN_PATIENT_METRIC_SUMMARY.csv,229645,0a4b5940653a82c75db9fabc2b256095be58eca891203ecd9f46d0e9d08f5192,4cf8edc706aca2b6f8772ff6fd8bd0bef0f2deb2
reproduction_inputs/statistics/FROZEN_REPEAT_METRICS.csv.gz,1407243,3aa6e417972a1b18a511e9d1af70dddd70b4fd72c7db3bed0aadb436b73f49c8,269ab2f71464b2c7787ff66aede91ebb7460bf21
reproduction_inputs/statistics/PREINFERENCE_STATISTICAL_OPERATIONALIZATION.json,1769,a2ada7078488d86d07b9acc921a1d03dd486a50aec1c0d87cdde9c05b378e60b,b7f3f9ebabab09f44a9bafc4487c0c174f4006ff
requirements-lock.txt,9070,88bfccf3096473b962d96fb6cbd12d03ab67b0062ff83124e456a27730137803,864591158dc9f98a7c0a621a3583c5e015611ed2
tests/test_release_manifest.py,1201,13e6682bd61e26c3b4f437279175ddc449a9c3b4fe8676ae98b5c8d7eb19d747,de79f8c990369a6a3ee48d49ecf71dc1f84090d5
tests/test_reproduction_checks.py,4723,8a4672ec1cdfe5b860e227037787d59ffd0ebf7f82b8357ef558b13b7101513b,7bcf43edc0b676c91d28b9c1e8fe4d2cdbe0b533
tools/build_release_manifest.py,2606,46d8fc64a3700eede0786f5ac9026454740a9e08602e011323ad1f5d34aa54f0,9c861457a646fb1e2351a59daa7beb86167cb1ca
