subject,a,b,delta
sub-ccepAgeUMCU01,0.3879996014763297,0.3637649260070826,0.024234675469247124
sub-ccepAgeUMCU02,0.326936813436489,0.2923309244056463,0.03460588903084272
sub-ccepAgeUMCU03,0.2809274646184501,0.2600048437281232,0.02092262089032687
sub-ccepAgeUMCU04,0.1665250283232425,0.1526690309644338,0.013855997358808714
sub-ccepAgeUMCU05,0.3333615707580734,0.308834345622175,0.02452722513589839
sub-ccepAgeUMCU06,0.5023963670484578,0.472031380291382,0.03036498675707583
sub-ccepAgeUMCU07,0.3366367624303003,0.2810719567417209,0.055564805688579355
sub-ccepAgeUMCU08,0.3216334992572781,0.2932184938011131,0.028415005456164988
sub-ccepAgeUMCU09,0.2982431802866136,0.2792126945476627,0.019030485738950942
sub-ccepAgeUMCU10,0.2612921085090094,0.2244095340597237,0.03688257444928572
sub-ccepAgeUMCU11,0.3794510628247184,0.3444154975274628,0.0350355652972556
sub-ccepAgeUMCU12,0.3540306060847218,0.2902002907155741,0.06383031536914768
sub-ccepAgeUMCU13,0.4720803290376951,0.3692382346832576,0.10284209435443747
sub-ccepAgeUMCU14,0.3277189977358216,0.2796868111066668,0.04803218662915476
sub-ccepAgeUMCU15,0.3532528182187974,0.3355924239340291,0.017660394284768288
sub-ccepAgeUMCU16,0.4966750172195316,0.455702641147414,0.04097237607211762
sub-ccepAgeUMCU17,0.2848696062789671,0.2574211189558141,0.027448487323153026
sub-ccepAgeUMCU18,0.4399993895612538,0.4110864716930897,0.02891291786816408
sub-ccepAgeUMCU19,0.3244454577144209,0.321673671612258,0.0027717861021628876
sub-ccepAgeUMCU20,0.3463045382491123,0.3267809432368279,0.0195235950122844
sub-ccepAgeUMCU21,0.2611672785141091,0.2599414621368683,0.0012258163772407848
sub-ccepAgeUMCU22,0.2891994426035575,0.2731723108485807,0.01602713175497683
sub-ccepAgeUMCU23,0.4642677341526962,0.389026197916159,0.07524153623653718
sub-ccepAgeUMCU24,0.3398758773372482,0.3141370325802858,0.02573884475696242
sub-ccepAgeUMCU25,0.3095572346485918,0.2696620999662157,0.0398951346823761
sub-ccepAgeUMCU26,0.3416642147887463,0.2709823689605024,0.07068184582824394
sub-ccepAgeUMCU27,0.3169937530167267,0.2515139652801812,0.0654797877365455
sub-ccepAgeUMCU28,0.3194267607853495,0.2493421936094727,0.07008456717587677
sub-ccepAgeUMCU29,0.2429933494263573,0.1719645890485171,0.0710287603778402
sub-ccepAgeUMCU30,0.2603550680929834,0.2249732446513782,0.03538182344160523
sub-ccepAgeUMCU31,0.3366789469311462,0.3084371637895832,0.028241783141563004
sub-ccepAgeUMCU32,0.2908926659703132,0.2657764402099836,0.025116225760329625
sub-ccepAgeUMCU33,0.4504433270537388,0.4317348587093976,0.0187084683443412
sub-ccepAgeUMCU34,0.1171816475072338,0.0737043775233731,0.0434772699838607
sub-ccepAgeUMCU35,0.2931284185502475,0.2615744908561574,0.0315539276940901
sub-ccepAgeUMCU36,0.3913935794761331,0.3930121546360099,-0.0016185751598767895
sub-ccepAgeUMCU37,0.1392525259772984,0.0643931335935566,0.0748593923837418
sub-ccepAgeUMCU38,0.2946049440844887,0.2530475190510723,0.04155742503341636
sub-ccepAgeUMCU39,0.3128073730676112,0.2720444498003095,0.04076292326730169
sub-ccepAgeUMCU40,0.248128387579697,0.1897332257109171,0.05839516186877988
sub-ccepAgeUMCU41,0.3748482960026174,0.3516950195630445,0.02315327643957288
sub-ccepAgeUMCU42,0.3056123223031,0.2948282039078513,0.010784118395248676
sub-ccepAgeUMCU43,0.2199551269280725,0.1946397638319041,0.025315363096168414
sub-ccepAgeUMCU44,0.2102087436639061,0.1687414192359469,0.041467324427959196
sub-ccepAgeUMCU45,0.1202034025544956,0.1385383253440507,-0.01833492278955509
sub-ccepAgeUMCU46,0.2337225406075515,0.2043366484445969,0.02938589216295459
sub-ccepAgeUMCU47,0.3520157519316433,0.292377606858698,0.05963814507294529
sub-ccepAgeUMCU48,0.4312966112599929,0.4210770390252534,0.010219572234739516
sub-ccepAgeUMCU49,0.3684958682856394,0.2881990572873437,0.08029681099829572
sub-ccepAgeUMCU50,0.2855652279775434,0.2681547368524798,0.0174104911250636
sub-ccepAgeUMCU51,0.1636159191292053,0.1531298822164755,0.010486036912729813
sub-ccepAgeUMCU52,0.3105662629212136,0.2123823002939543,0.09818396262725929
sub-ccepAgeUMCU53,0.459289439499931,0.4344605081905522,0.0248289313093788
sub-ccepAgeUMCU54,0.3310503675625106,0.307269645321123,0.02378072224138761
sub-ccepAgeUMCU55,0.206268497833372,0.1662956542855008,0.0399728435478712
sub-ccepAgeUMCU56,0.2975933002530101,0.1961644307637179,0.10142886948929222
sub-ccepAgeUMCU57,0.4510259681485156,0.4242888686781034,0.026737099470412196
sub-ccepAgeUMCU58,0.2008692652773855,0.1823553793490233,0.0185138859283622
sub-ccepAgeUMCU59,0.3698061205635455,0.3556492682982271,0.014156852265318431
sub-ccepAgeUMCU60,0.3104617328409357,0.2231092431882401,0.0873524896526956
sub-ccepAgeUMCU61,0.2245573890589394,0.219284221254631,0.005273167804308393
sub-ccepAgeUMCU62,0.2195045205348172,0.227187965774419,-0.007683445239601794
sub-ccepAgeUMCU63,0.2642684713904547,0.2161607730816044,0.04810769830885028
sub-ccepAgeUMCU64,0.0957606213264642,0.0537224335932325,0.042038187733231695
sub-ccepAgeUMCU65,0.3498853831246969,0.3187334210441314,0.03115196208056553
sub-ccepAgeUMCU66,0.3180032954375017,0.2792263584353446,0.03877693700215712
sub-ccepAgeUMCU67,0.2775586824539725,0.2750183921968989,0.0025402902570736408
sub-ccepAgeUMCU68,0.3278348375367439,0.2850571850577801,0.04277765247896381
sub-ccepAgeUMCU69,0.2350003005682938,0.2048997470902598,0.030100553478034003
sub-ccepAgeUMCU70,0.429662846194425,0.3571115067043477,0.0725513394900773
sub-ccepAgeUMCU71,0.3785604206160077,0.3606423938086949,0.017918026807312804
sub-ccepAgeUMCU72,0.4130360962130044,0.3943719336911701,0.018664162521834338
sub-ccepAgeUMCU73,0.1624942526186237,0.0756045104506889,0.08688974216793481
sub-ccepAgeUMCU74,0.3022535920341835,0.2011224548949094,0.1011311371392741
